f (GHz),S11 (dB),S11 (deg.)
1300000000.0,-7.5897464165796045,-49.83102437411274
1301700000.0,-7.587334141694181,-50.372183662087195
1303400000.0,-7.585219663330012,-50.92364151934192
1305100000.0,-7.583417824756504,-51.48568075155339
1306800000.0,-7.58194421608194,-52.058593826839655
1308500000.0,-7.58081521411564,-52.6426832386437
1310200000.0,-7.580048024312612,-53.238261881307075
1311900000.0,-7.579660724884894,-53.84565343853589
1313600000.0,-7.579672313162366,-54.46519278492777
1315300000.0,-7.5801027542833745,-55.097226400689166
1317000000.0,-7.580973032291581,-55.74211279962581
1318700000.0,-7.58230520371027,-56.40022297043513
1320400000.0,-7.584122453658077,-57.071940831268066
1322100000.0,-7.586449154560903,-57.75766369745552
1323800000.0,-7.589310927502937,-58.45780276221376
1325500000.0,-7.592734706245085,-59.172783590051274
1327200000.0,-7.596748803920933,-59.90304662249363
1328900000.0,-7.6013829823984045,-60.64904769562699
1330600000.0,-7.606668524268679,-61.411258568827876
1332300000.0,-7.61263830739206,-62.19016746389997
1334000000.0,-7.6193268818926905,-62.98627961367488
1335700000.0,-7.626770549449182,-63.80011781895259
1337400000.0,-7.635007444675534,-64.63222301245547
1339100000.0,-7.644077618325044,-65.48315482825139
1340800000.0,-7.654023121977932,-66.3534921748572
1342500000.0,-7.664888093789815,-67.24383380997182
1344200000.0,-7.6767188447815276,-68.15479891449989
1345900000.0,-7.68956394503927,-69.08702766321572
1347600000.0,-7.7034743090660225,-70.04118178908159
1349300000.0,-7.718503279378624,-71.01794513787304
1351000000.0,-7.734706707277529,-72.01802420937591
1352700000.0,-7.752143029526249,-73.0421486810079
1354400000.0,-7.770873339462002,-74.09107190927669
1356100000.0,-7.790961450815809,-75.1655714040222
1357800000.0,-7.812473952246974,-76.26644926989789
1359500000.0,-7.835480250290327,-77.39453260902762
1361200000.0,-7.8600525980730716,-78.55067387822845
1362900000.0,-7.88626610677852,-79.73575119361553
1364600000.0,-7.9141987364147806,-80.95066857479934
1366300000.0,-7.943931261985476,-82.1963561202442
1368000000.0,-7.975547210656146,-83.47377010467449
1369700000.0,-8.009132764963043,-84.78389298868017
1371400000.0,-8.044776626522154,-86.12773332987224
1373100000.0,-8.082569834066659,-87.50632558405097
1374800000.0,-8.122605528975054,-88.9207297838474
1376500000.0,-8.164978660755954,-90.37203108114302
1378200000.0,-8.209785624237142,-91.86133913821337
1379900000.0,-8.257123819479206,-93.38978735091469
1381600000.0,-8.307091124713175,-94.95853188525278
1383300000.0,-8.35978527190917,-96.56875050623876
1385000000.0,-8.415303113945669,-98.22164117491646
1386700000.0,-8.473739771801355,-99.91842038568952
1388400000.0,-8.535187649775725,-101.66032121139558
1390100000.0,-8.599735306512665,-103.4485910177651
1391800000.0,-8.667466169616501,-105.28448880172034
1393500000.0,-8.738457081987688,-107.16928209916672
1395200000.0,-8.812776668755706,-109.10424339722846
1396900000.0,-8.890483514955545,-111.09064597303632
1398600000.0,-8.971624146004046,-113.1297590659553
1400300000.0,-9.056230805725152,-115.22284227240021
1402000000.0,-9.144319030308077,-117.37113903209455
1403700000.0,-9.235885021337602,-119.57586905195359
1405400000.0,-9.330902827102815,-121.83821948914797
1407100000.0,-9.429321348971888,-124.15933468915826
1408800000.0,-9.531061198916197,-126.54030424908323
1410500000.0,-9.636011445462426,-128.98214915308495
1412200000.0,-9.744026298592336,-131.4858057083871
1413900000.0,-9.85492179947065,-134.05210700035852
1415600000.0,-9.968472598321306,-136.6817615885856
1417300000.0,-10.084408923077419,-139.37532918819355
1419000000.0,-10.202413862145052,-142.13319312869027
1420700000.0,-10.322121105966193,-144.95552946366377
1422400000.0,-10.443113312855301,-147.8422727263193
1424100000.0,-10.56492128314201,-150.79307849505113
1425800000.0,-10.687024139764462,-153.80728315513355
1427500000.0,-10.80885072036337,-156.88386151896373
1429200000.0,-10.929782382398436,-160.02138329462295
1430900000.0,-11.04915740535098,-163.21796976007485
1432600000.0,-11.166277139270054,-166.47125238813908
1434300000.0,-11.280413993938517,-169.7783355450279
1436000000.0,-11.390821286215836,-173.1357657117079
1437700000.0,-11.496744865116607,-176.5395099028395
1439400000.0,-11.597436318138627,-179.98494602812468
1441100000.0,-11.692167434805501,176.5331321966607
1442800000.0,-11.78024547433526,173.02049356776922
1444500000.0,-11.86102866676353,169.48342937345728
1446200000.0,-11.933941285476873,165.92869437842793
1447900000.0,-11.998487578509929,162.36342927176088
1449600000.0,-12.05426384808348,158.7950662728879
1451300000.0,-12.100968029553803,155.23122082617024
1453000000.0,-12.138406241960988,151.67957341571415
1454700000.0,-12.166495954447878,148.14774636632242
1456400000.0,-12.18526562025636,144.64318095764912
1458100000.0,-12.194850851666283,141.173020205177
1459800000.0,-12.195487421797708,137.74400224838536
1461500000.0,-12.18750156081539,134.36236848560486
1463200000.0,-12.171298147776126,131.0337895063934
1464900000.0,-12.147347475329004,127.76331062524378
1466600000.0,-12.116171280905734,124.5553175521107
1468300000.0,-12.078328700461402,121.41352156936807
1470000000.0,-12.034402720309602,118.34096261602416
1471700000.0,-11.984987593286453,115.34002796547364
1473400000.0,-11.930677562122465,112.412483741645
1475100000.0,-11.872057108796001,109.55951633614309
1476800000.0,-11.809692834275598,106.78178082819561
1478500000.0,-11.744126975509898,104.07945371878836
1480200000.0,-11.675872489502604,101.45228761527194
1481900000.0,-11.60540957864795,98.89966589128774
1483600000.0,-11.533183495879083,96.42065575551328
1485300000.0,-11.459603449897909,94.01405855821552
1487000000.0,-11.38504242642956,91.67845652423176
1488700000.0,-11.309837747557868,89.4122554115799
1490400000.0,-11.234292204473654,87.21372285094291
1492100000.0,-11.15867561658892,85.08102232299773
1493800000.0,-11.083226689676858,83.0122428819725
1495500000.0,-11.008155065791993,81.00542484112806
1497200000.0,-10.933643477016574,79.05858170621936
1498900000.0,-10.859849932807482,77.16971868362685
1500600000.0,-10.786909886461213,75.33684810748935
1502300000.0,-10.714938339802746,73.55800213074343
1504000000.0,-10.644031856646475,71.83124301347138
1505700000.0,-10.574270464996866,70.15467132242236
1507400000.0,-10.505719435544957,68.52643233117152
1509100000.0,-10.438430929997613,66.94472088351532
1510800000.0,-10.37244551738167,65.40778495512416
1512500000.0,-10.307793559917659,63.91392812141225
1514200000.0,-10.244496472563752,62.46151111385915
1515900000.0,-10.182567862072311,61.04895262312699
1517600000.0,-10.122014552537395,59.67472948553048
1519300000.0,-10.062837505075752,58.337376369834
1521000000.0,-10.005032639587698,57.03548506395362
1522700000.0,-9.948591566578706,55.76770344583926
1524400000.0,-9.893502236861686,54.53273420945936
1526100000.0,-9.83974951666119,53.32933340524673
1527800000.0,-9.787315695250772,52.15630884440459
1529500000.0,-9.736180931808004,51.012518407947034
1531200000.0,-9.686323647695398,49.8968682940822
1532900000.0,-9.637720869889124,48.80831123138434
1534600000.0,-9.590348530796145,47.74584467999472
1536300000.0,-9.544181729233376,46.70850903871172
1538000000.0,-9.49919495689776,45.69538587215829
1539700000.0,-9.455362294237165,44.70559616915071
1541400000.0,-9.412657579241696,43.73829864084231
1543100000.0,-9.37105455231444,42.79268806510466
1544800000.0,-9.33052698004948,41.867993681867105
1546500000.0,-9.291048760442905,40.96347764270609
1548200000.0,-9.252594011788162,40.07843351680952
1549900000.0,-9.215137147258664,39.21218485449415
1551600000.0,-9.17865293695688,38.36408380869174
1553300000.0,-9.143116559007868,37.533509814211456
1555000000.0,-9.108503641094817,36.71986832410348
1556700000.0,-9.07479029367296,35.92258960207536
1558400000.0,-9.041953135953996,35.141127569623585
1560100000.0,-9.009969315624916,34.37495870632851
1561800000.0,-8.978816523150929,33.62358100160429
1563500000.0,-8.948473001410523,32.8865129560877
1565200000.0,-8.918917551320785,32.163292630781584
1566900000.0,-8.890129534031079,31.453476742032187
1568600000.0,-8.862088870192547,30.756639800408347
1570300000.0,-8.834776036748181,30.072373291560336
1572000000.0,-8.808172061632945,29.40028489716056
1573700000.0,-8.782258516724449,28.7399977540672
1575400000.0,-8.75701750934162,28.091149749897454
1577100000.0,-8.732431672550476,27.453392853252794
1578800000.0,-8.708484154502859,26.826392476896086
1580500000.0,-8.685158607004091,26.209826872244474
1582200000.0,-8.662439173479697,25.603386553605528
1583900000.0,-8.640310476488231,25.006773750650158
1585600000.0,-8.61875760490728,24.419701887681942
1587300000.0,-8.597766100901861,23.84189508832732
1589000000.0,-8.577321946768956,23.27308770433611
1590700000.0,-8.557411551738364,22.713023867244345
1592400000.0,-8.538021738797925,22.16145706171294
1594100000.0,-8.519139731600939,21.61814971941498
1595800000.0,-8.500753141504251,21.082872832401584
1597500000.0,-8.482849954777635,20.55540558493166
1599200000.0,-8.465418520018051,20.035535002802995
1600900000.0,-8.448447535796335,19.52305561927356
1602600000.0,-8.431926038558492,19.017769156709193
1604300000.0,-8.415843390799347,18.519484223140303
1606000000.0,-8.400189269522151,18.028016022953853
1607700000.0,-8.384953654994439,17.543186080988317
1609400000.0,-8.370126819807348,17.064821979338763
1611100000.0,-8.355699318243191,16.592757106216617
1612800000.0,-8.341661975953755,16.126830416244232
1614500000.0,-8.32800587995001,15.666886201597535
1616200000.0,-8.314722368902306,15.212773873442167
1617900000.0,-8.301803023748759,14.764347753138251
1619600000.0,-8.289239658608453,14.321466872717505
1621300000.0,-8.277024311995088,13.883994784162887
1623000000.0,-8.265149238325932,13.451799377046578
1624700000.0,-8.253606899720333,13.024752704105886
1626400000.0,-8.242389958081471,12.602730814359017
1628100000.0,-8.23149126745469,12.185613593384273
1629800000.0,-8.22090386665535,11.773284610405998
1631500000.0,-8.210620972158972,11.365630971849688
1633200000.0,-8.20063597124626,10.962543181046607
1634900000.0,-8.190942415395474,10.5639150037849
1636600000.0,-8.18153401391453,10.169643339420194
1638300000.0,-8.172404627805282,9.779628097273795
1640000000.0,-8.163548263852373,9.393772078060469
1641700000.0,-8.154959068929134,9.011980860101243
1643400000.0,-8.146631324513091,8.634162690089447
1645100000.0,-8.138559441403752,8.260228378189414
1646800000.0,-8.130737954635407,7.890091197259498
1648500000.0,-8.123161518577884,7.523666786000313
1650200000.0,-8.115824902218305,7.160873055840259
1651900000.0,-8.108722984617016,6.801630101378853
1653600000.0,-8.101850750531124,6.445860114217802
1655300000.0,-8.095203286199077,6.093487300017633
1657000000.0,-8.088775775280062,5.744437798626043
1658700000.0,-8.082563494942072,5.39863960713099
1660400000.0,-8.076561812092633,5.05602250569901
1662100000.0,-8.070766179746464,4.716517986065427
1663800000.0,-8.065172133524408,4.380059182549681
1665500000.0,-8.059775288278185,4.046580805474447
1667200000.0,-8.054571334835705,3.716019076873045
1668900000.0,-8.049556036861743,3.388311668374728
1670600000.0,-8.044725227829087,3.063397641162097
1672300000.0,-8.040074808095296,2.7412173878998067
1674000000.0,-8.035600742080382,2.421712576537854
1675700000.0,-8.031299055540925,2.104826095896697
1677400000.0,-8.027165832936271,1.790502002945549
1679100000.0,-8.023197214882456,1.4786854716885263
1680800000.0,-8.019389395689869,1.169322743576584
1682500000.0,-8.015738620980567,0.8623610793668232
1684200000.0,-8.01224118538144,0.5577487123529196
1685900000.0,-8.008893430289428,0.255434802893971
1687600000.0,-8.005691741705178,-0.04463060582912645
1689300000.0,-8.002632548131604,-0.3424966308977009
1691000000.0,-7.999712318533896,-0.6382115916457649
1692700000.0,-7.996927560357663,-0.9318230506207893
1694400000.0,-7.9942748176019665,-1.2233778535769693
1696100000.0,-7.991750668944078,-1.512922168560976
1697800000.0,-7.989351725912891,-1.8005015241492592
1699500000.0,-7.987074631107969,-2.0861608468938995
1701200000.0,-7.984916056461363,-2.3699444980330773
1702900000.0,-7.982872701539248,-2.651896309520997
1704600000.0,-7.980941291880707,-2.9320596194309876
1706300000.0,-7.979118577370798,-3.2104773067846124
1708000000.0,-7.977401330645329,-3.487191825859037
1709700000.0,-7.975786345524681,-3.762245240023888
1711400000.0,-7.974270435474061,-4.035679255158782
1713100000.0,-7.9728504320877045,-4.307535252701905
1714800000.0,-7.971523183594465,-4.577854322380006
1716500000.0,-7.970285553382407,-4.846677294669955
1718200000.0,-7.969134418539845,-5.114044773042098
1719900000.0,-7.968066668410517,-5.3799971660354595
1721600000.0,-7.967079203160457,-5.644574719215641
1723300000.0,-7.9661689323541705,-5.907817547066058
1725000000.0,-7.965332773537789,-6.1697656648642365
1726700000.0,-7.9645676508267975,-6.430459020595071
1728400000.0,-7.963870493496033,-6.6899375269541554
1730100000.0,-7.963238234569554,-6.948241093495039
1731800000.0,-7.96266780940803,-7.205409658975512
1733500000.0,-7.962156154291322,-7.461483223959217
1735200000.0,-7.9617002049938,-7.716501883730506
1736900000.0,-7.961296895350038,-7.970505861581833
1738600000.0,-7.9609431558084935,-8.223535542535206
1740300000.0,-7.960635911970613,-8.475631507560797
1742000000.0,-7.960372083113007,-8.726834568358578
1743700000.0,-7.9601485806900705,-8.977185802770716
1745400000.0,-7.959962306814532,-9.226726590895796
1747100000.0,-7.959810152713307,-9.47549865197833
1748800000.0,-7.959688997156001,-9.723544082150813
1750500000.0,-7.95959570485331,-9.970905393108364
1752200000.0,-7.959527124822555,-10.217625551800795
1753900000.0,-7.95948008871753,-10.463748021229923
1755600000.0,-7.959451409119637,-10.709316802445748
1757300000.0,-7.959437877787414,-10.954376477838693
1759000000.0,-7.95943626386128,-11.198972255831375
1760700000.0,-7.9594433120203405,-11.443150017078782
1762400000.0,-7.9594557405880035,-11.686956362291573
1764100000.0,-7.959470239582944,-11.930438661804573
1765800000.0,-7.959483468712003,-12.173645107019224
1767500000.0,-7.959492055301335,-12.4166247638569
1769200000.0,-7.9594925921621655,-12.659427628368427
1770900000.0,-7.95948163538718,-12.902104684654272
1772600000.0,-7.959455702073655,-13.144707965259835
1774300000.0,-7.95941126796915,-13.387290614221056
1776000000.0,-7.9593447650354605,-13.629906952947222
1777700000.0,-7.959252578926471,-13.872612549140351
1779400000.0,-7.959131046375251,-14.115464288964356
1781100000.0,-7.95897645248571,-14.358520452691891
1782800000.0,-7.958785027923834,-14.60184079407288
1784500000.0,-7.958552946003552,-14.84548662368622
1786200000.0,-7.958276319661822,-15.089520896554932
1787900000.0,-7.957951198317691,-15.334008304325694
1789600000.0,-7.957573564609659,-15.57901537233592
1791300000.0,-7.95713933100561,-15.824610561916018
1793000000.0,-7.9566443362794725,-16.070864378300463
1794700000.0,-7.9560843418484675,-16.317849484550585
1796400000.0,-7.955455027964843,-16.565640821922806
1798100000.0,-7.954751989755712,-16.81431573715054
1799800000.0,-7.953970733104605,-17.06395411714495
1801500000.0,-7.953106670368229,-17.31463853166065
1803200000.0,-7.952155115921902,-17.56645438451654
1804900000.0,-7.951111281527029,-17.819490074010844
1806600000.0,-7.949970271514253,-18.073837163222166
1808300000.0,-7.948727077775697,-18.32959056094688
1810000000.0,-7.947376574560149,-18.58684871408668
1811700000.0,-7.945913513065205,-18.845713812370064
1813400000.0,-7.944332515820712,-19.10629200636822
1815100000.0,-7.9426280708583965,-19.368693639850225
1816800000.0,-7.940794525663226,-19.633033497615
1818500000.0,-7.938826080902782,-19.8994310700395
1820200000.0,-7.93671678393208,-20.168010835695092
1821900000.0,-7.934460522072456,-20.438902563507956
1823600000.0,-7.932051015664843,-20.712241636076044
1825300000.0,-7.929481810899562,-20.988169395906453
1827000000.0,-7.92674627242736,-21.26683351650375
1828700000.0,-7.923837575759052,-21.548388400425218
1830400000.0,-7.920748699464822,-21.832995606623648
1832100000.0,-7.917472417188325,-22.1208243096257
1833800000.0,-7.9140012894957845,-22.41205179334619
1835500000.0,-7.91032765558628,-22.706863982619506
1837200000.0,-7.906443624896666,-23.005456015841112
1838900000.0,-7.9023410686431195,-23.308032862460276
1840600000.0,-7.898011611351514,-23.614809989452866
1842300000.0,-7.893446622441126,-23.9260140813357
1844000000.0,-7.888637207940533,-24.241883818768525
1845700000.0,-7.883574202431979,-24.56267072133056
1847400000.0,-7.878248161340913,-24.888640060665566
1849100000.0,-7.872649353711956,-25.22007185086966
1850800000.0,-7.86676775564144,-25.557261923760024
1852500000.0,-7.86059304457151,-25.900523097521624
1854200000.0,-7.854114594691673,-26.250186448195738
1855900000.0,-7.8473214737429995,-26.606602694563573
1857600000.0,-7.840202441578452,-26.970143708207157
1859300000.0,-7.832745950902613,-27.34120416191836
1861000000.0,-7.824940150697389,-27.720203331196803
1862700000.0,-7.816772892939636,-28.107587065355446
1864400000.0,-7.808231743335763,-28.503829946767716
1866100000.0,-7.799303996940723,-28.909437659077533
1867800000.0,-7.789976699699843,-29.32494958779131
1869500000.0,-7.780236677156871,-29.750941679627303
1871200000.0,-7.7700705718183904,-30.188029590361328
1872900000.0,-7.759464890961479,-30.63687215474303
1874600000.0,-7.748406067029591,-31.09817521643058
1876300000.0,-7.736880533193798,-31.572695860884004
1878000000.0,-7.724874817179529,-32.061247099862165
1879700000.0,-7.712375657092326,-32.564703062686974
1881400000.0,-7.699370143745172,-33.08400475689358
1883100000.0,-7.685845894924751,-33.62016646941134
1884800000.0,-7.671791268172542,-34.1742828891706
1886500000.0,-7.657195620046267,-34.74753704317722
1888200000.0,-7.642049621525463,-35.34120915083058
1889900000.0,-7.62634564130509,-35.95668651578953
1891600000.0,-7.6100782112731045,-36.5954745912374
1893300000.0,-7.593244591604424,-37.25920937319422
1895000000.0,-7.575845456765453,-37.949671297800435
1896700000.0,-7.557885728485512,-38.66880084246509
1898400000.0,-7.539375587633121,-39.418716057595184
1900100000.0,-7.520331704209292,-40.201732285378455
1901800000.0,-7.500778733676434,-41.02038435470279
1903500000.0,-7.480751139003341,-41.87745157643307
1905200000.0,-7.4602954116461495,-42.77598590021805
1906900000.0,-7.439472781846681,-43.71934363145335
1908600000.0,-7.418362529899375,-44.71122114278399
1910300000.0,-7.397066036366201,-45.75569504507853
1912000000.0,-7.375711741735459,-46.85726730272152
1913700000.0,-7.354461226036763,-48.020915779181244
1915400000.0,-7.333516667911569,-49.25215066902806
1917100000.0,-7.3131300021495065,-50.55707719433634
1918800000.0,-7.293614166210386,-51.942464791546996
1920500000.0,-7.2753569108402525,-53.41582275396776
1922200000.0,-7.258837747683669,-54.98548187614331
1923900000.0,-7.244648716012877,-56.66068100305291
1925600000.0,-7.233519766093038,-58.45165643240435
1927300000.0,-7.22634966712323,-60.36973074238145
1929000000.0,-7.224243432354723,-62.42739569006174
1930700000.0,-7.228557277136787,-64.63838120946347
1932400000.0,-7.240952029318063,-67.0176991184002
1934100000.0,-7.263455606667343,-69.58164589435135
1935800000.0,-7.298534534013289,-72.34774398520472
1937500000.0,-7.349173320642718,-75.33459617701581
1939200000.0,-7.418958647728855,-78.5616238631377
1940900000.0,-7.512162520121914,-82.04866008580375
1942600000.0,-7.63381470220939,-85.81537592681848
1944300000.0,-7.789750023788424,-89.88053988659732
1946000000.0,-7.986611140309768,-94.26115111414866
1947700000.0,-8.23178342669082,-98.9715546042176
1949400000.0,-8.533238018526898,-104.02274052055826
1951100000.0,-8.899264002264008,-109.42214034241317
1952800000.0,-9.338082618600087,-115.17433313247778
1954500000.0,-9.857352654702773,-121.28312440686882
1956200000.0,-10.463588288358414,-127.7554136287209
1957900000.0,-11.16150270914277,-134.60709755336399
1959600000.0,-11.95324256585474,-141.87096368823993
1961300000.0,-12.837371078729493,-149.60608950173113
1963000000.0,-13.807284374191841,-157.90749999252907
1964700000.0,-14.848534065298713,-166.91317031111436
1966400000.0,-15.934422182931428,-176.80168583985525
1968100000.0,-17.019712429797305,172.2333362878349
1969800000.0,-18.034501138473335,160.05422653655373
1971500000.0,-18.885360758694397,146.71006202113404
1973200000.0,-19.475312967910913,132.5814759001431
1974900000.0,-19.744112604706988,118.39251663099856
1976600000.0,-19.701201649645576,104.97495986492733
1978300000.0,-19.41736235920627,92.93659598575735
1980000000.0,-18.984361083458605,82.51332448144025
1981700000.0,-18.480549842783976,73.64865903816295
1983400000.0,-17.959056772511286,66.14454095826922
1985100000.0,-17.450758725766516,59.77058145299735
1986800000.0,-16.97131851424639,54.315955490645386
1988500000.0,-16.527254760076083,49.60540758608606
1990200000.0,-16.120016835962872,45.499152184427516
1991900000.0,-15.748435747412925,41.887420313980385
1993600000.0,-15.41011508319771,38.68422791166696
1995300000.0,-15.102190548675093,35.82193024243347
1997000000.0,-14.82172944653285,33.24689515505065
1998700000.0,-14.565929716254216,30.91620026304121
2000400000.0,-14.332209347445419,28.795151827331114
2002100000.0,-14.118237044652926,26.855428346420926
2003800000.0,-13.921932410013895,25.0736881663093
2005500000.0,-13.741451233159303,23.43051887472144
2007200000.0,-13.575164391989077,21.90963832242858
2008900000.0,-13.421634910906642,20.49728162490701
2010600000.0,-13.279595517517684,19.181726508821235
2012300000.0,-13.147927816321785,17.952922373802295
2014000000.0,-13.025643528804697,16.802197771516237
2015700000.0,-12.911867892014936,15.722027697471065
2017400000.0,-12.805825125664667,14.70584690828376
2019100000.0,-12.706825793524386,13.747898963213494
2020800000.0,-12.614255854256145,12.843113228642258
2022500000.0,-12.527567194733042,11.987003948581817
2024200000.0,-12.446269451092668,11.175586863651182
2025900000.0,-12.369922941294345,10.405309889685636
2027600000.0,-12.298132553421263,9.672995140500248
2029300000.0,-12.230542454083196,8.975790165327327
2031000000.0,-12.166831499904532,8.311126718903559
2032700000.0,-12.106709251759932,7.676685726419765
2034400000.0,-12.049912506039606,7.0703673722982465
2036100000.0,-11.996202269870908,6.490265449915934
2037800000.0,-11.945361118063671,5.934645272913475
2039500000.0,-11.897190878787763,5.401924578017626
2041200000.0,-11.851510602841177,4.890656952158221
2042900000.0,-11.808154778020155,4.399517398969177
2044600000.0,-11.76697175573655,3.927289726003538
2046300000.0,-11.727822361796512,3.4728554875915356
2048000000.0,-11.690578667292655,3.035184261863431
2049700000.0,-11.655122898983706,2.613325076092007
2051400000.0,-11.621346471438446,2.206398823771774
2053100000.0,-11.58914912568617,1.8135915409934273
2054800000.0,-11.55843816121336,1.4341484296738736
2056500000.0,-11.529127749933144,1.06736853184364
2058200000.0,-11.50113832227937,0.7125999730943423
2059900000.0,-11.474396016881041,0.36923570494428837
2061600000.0,-11.44883218638999,0.036709685688870536
2063300000.0,-11.42438295299312,-0.28550655241370776
2065000000.0,-11.400988807964731,-0.597906994752874
2066700000.0,-11.378594250324415,-0.9009539339360416
2068400000.0,-11.357147460278558,-1.195080491396085
2070100000.0,-11.336600003653325,-1.4806929007609306
2071800000.0,-11.316906563985803,-1.758172578978535
2073500000.0,-11.29802469933815,-2.0278780079804113
2075200000.0,-11.279914621245942,-2.290146446898614
2076900000.0,-11.26253899351316,-2.545295492457905
2078600000.0,-11.245862748829666,-2.7936245030904727
2080300000.0,-11.22985292141658,-3.035415900518319
2082000000.0,-11.214478494106586,-3.270936360979145
2083700000.0,-11.199710258442384,-3.500437906902157
2085400000.0,-11.185520686531877,-3.724158908642136
2087100000.0,-11.171883813534825,-3.9423250048305314
2088800000.0,-11.158775129776037,-4.155149948980207
2090500000.0,-11.146171481586276,-4.362836389169253
2092200000.0,-11.134050980065735,-4.565576586914485
2093900000.0,-11.122392917047982,-4.7635530807129385
2095600000.0,-11.111177687615934,-4.95693929917164
2097300000.0,-11.100386718586606,-5.145900128150149
2099000000.0,-11.0900024024396,-5.330592435900841
2100700000.0,-11.080008036215922,-5.51116555980093
2102400000.0,-11.070387764959818,-5.687761757922195
2104100000.0,-11.0611265293175,-5.860516628373495
2105800000.0,-11.052210016943372,-6.0295594990739945
2107500000.0,-11.043624617397281,-6.195013790366617
2109200000.0,-11.035357380245811,-6.356997352659182
2110900000.0,-11.027395976107133,-6.515622781080728
2112600000.0,-11.019728660402565,-6.67099770896202
2114300000.0,-11.012344239599546,-6.823225081787205
2116000000.0,-11.005232039749744,-6.972403413119458
2117700000.0,-10.998381877143636,-7.118627023871543
2119400000.0,-10.991784030918193,-7.2619862661748265
2121100000.0,-10.985429217468772,-7.402567732993011
2122800000.0,-10.979308566528882,-7.540454454530463
2124500000.0,-10.97341359879309,-7.675726082397256
2126200000.0,-10.967736204968936,-7.808459062413701
2127900000.0,-10.962268626153001,-7.938726796865089
2129600000.0,-10.957003435435182,-8.066599796951726
2131300000.0,-10.951933520642793,-8.192145826119813
2133000000.0,-10.947052068143467,-8.31543003490432
2134700000.0,-10.942352547632177,-8.436515087865594
2136400000.0,-10.93782869783372,-8.5554612831562
2138100000.0,-10.933474513057323,-8.672326665213252
2139800000.0,-10.929284230545,-8.787167131033844
2141500000.0,-10.925252318559803,-8.900036530456571
2143200000.0,-10.921373465164192,-9.010986760840481
2144900000.0,-10.917642567642545,-9.120067856504127
2146600000.0,-10.914054722525275,-9.227328073260374
2148300000.0,-10.910605216175167,-9.332813968358526
2150000000.0,-10.907289515899494,-9.43657047612289
2151700000.0,-10.904103261554107,-9.538640979556012
2153400000.0,-10.901042257608115,-9.639067378156216
2155100000.0,-10.898102465640093,-9.737890152181256
2156800000.0,-10.895279997238806,-9.835148423574074
2158500000.0,-10.892571107283258,-9.930880013751407
2160200000.0,-10.88997218757881,-10.025121498442822
2161900000.0,-10.887479760827553,-10.11790825975443
2163600000.0,-10.885090474912742,-10.209274535620334
2165300000.0,-10.88280109747841,-10.29925346679381
2167000000.0,-10.880608510786614,-10.387877141520097
2168700000.0,-10.878509706835889,-10.475176638023637
2170400000.0,-10.876501782725638,-10.561182064933721
2172100000.0,-10.874581936252131,-10.645922599764623
2173800000.0,-10.8727474617228,-10.729426525559036
2175500000.0,-10.870995745976328,-10.811721265796322
2177200000.0,-10.869324264596845,-10.89283341766129
2178900000.0,-10.867730578311335,-10.972788783762553
2180600000.0,-10.866212329559987,-11.05161240238473
2182300000.0,-10.864767239229947,-11.129328576352929
2184000000.0,-10.86339310354342,-11.205960900583646
2185700000.0,-10.862087791091774,-11.281532288391439
2187400000.0,-10.860849240007672,-11.35606499661673
2189100000.0,-10.85967545526785,-11.429580649636135
2190800000.0,-10.85856450611956,-11.502100262313038
2192500000.0,-10.8575145236241,-11.5736442619429
2194200000.0,-10.856523698311353,-11.644232509244368
2195900000.0,-10.855590277939415,-11.713884318444647
2197600000.0,-10.854712565354008,-11.782618476504313
2199300000.0,-10.85388891644242,-11.8504532615248
2201000000.0,-10.85311773817724,-11.9174064603787
2202700000.0,-10.852397486745271,-11.983495385601316
2204400000.0,-10.851726665757358,-12.048736891579287
2206100000.0,-10.851103824535095,-12.113147390070543
2207800000.0,-10.850527556470553,-12.176742865087645
2209500000.0,-10.849996497455493,-12.23953888717493
2211200000.0,-10.849509324376578,-12.301550627108297
2212900000.0,-10.849064753673483,-12.362792869044785
2214600000.0,-10.848661539956732,-12.423280023147708
2216300000.0,-10.84829847468252,-12.48302613771175
2218000000.0,-10.847974384881727,-12.542044910811113
2219700000.0,-10.847688131940592,-12.600349701492608
2221400000.0,-10.847438610430597,-12.657953540534377
2223100000.0,-10.847224746985301,-12.714869140789961
2224800000.0,-10.847045499221881,-12.771108907136409
2226500000.0,-10.846899854705397,-12.826684946043994
2228200000.0,-10.846786829953746,-12.881609074784507
2229900000.0,-10.84670546948152,-12.935892830293838
2231600000.0,-10.846654844880966,-12.989547477704358
2233300000.0,-10.846634053938395,-13.042584018561067
2235000000.0,-10.846642219784465,-13.095013198735513
2236700000.0,-10.846678490076824,-13.146845516050396
2238400000.0,-10.84674203621368,-13.198091227627057
2240100000.0,-10.846832052576973,-13.248760356967958
2241800000.0,-10.84694775580383,-13.298862700785001
2243500000.0,-10.847088384085083,-13.348407835584599
2245200000.0,-10.847253196489701,-13.397405124019462
2246900000.0,-10.847441472314014,-13.44586372101696
2248600000.0,-10.8476525104547,-13.493792579693062
2250300000.0,-10.847885628804493,-13.54120045706079
2252000000.0,-10.848140163669655,-13.588095919541503
2253700000.0,-10.84841546920841,-13.634487348286962
2255400000.0,-10.84871091688929,-13.680382944319813
2257100000.0,-10.849025894968737,-13.725790733499807
2258800000.0,-10.849359807987058,-13.770718571322535
2260500000.0,-10.849712076282083,-13.81517414755751
2262200000.0,-10.850082135519703,-13.859164990731704
2263900000.0,-10.850469436240704,-13.902698472464708
2265600000.0,-10.850873443423161,-13.945781811661249
2267300000.0,-10.851293636059868,-13.988422078566597
2269000000.0,-10.851729506750091,-14.030626198689992
2270700000.0,-10.852180561305202,-14.072400956601408
2272400000.0,-10.852646318367542,-14.113752999606175
2274100000.0,-10.853126309042088,-14.154688841302209
2275800000.0,-10.853620076540349,-14.195214865024328
2277500000.0,-10.85412717583609,-14.235337327179675
2279200000.0,-10.854647173332395,-14.275062360478525
2280900000.0,-10.855179646539618,-14.314395977064146
2282600000.0,-10.855724183763858,-14.353344071545507
2284300000.0,-10.856280383805535,-14.391912423936443
2286000000.0,-10.856847855667668,-14.430106702504524
2287700000.0,-10.857426218273552,-14.467932466533028
2289400000.0,-10.858015100193413,-14.505395168999105
2291100000.0,-10.858614139379766,-14.542500159171071
2292800000.0,-10.859222982911145,-14.579252685127807
2294500000.0,-10.859841286743864,-14.615657896202933
2296200000.0,-10.86046871547157,-14.651720845356442
2297900000.0,-10.86110494209227,-14.687446491476349
2299600000.0,-10.86174964778258,-14.722839701612754
2301300000.0,-10.862402521678929,-14.757905253146676
2303000000.0,-10.86306326066548,-14.79264783589596
2304700000.0,-10.863731569168518,-14.827072054160283
2306400000.0,-10.86440715895709,-14.861182428707483
2308100000.0,-10.865089748949675,-14.89498339870313
2309800000.0,-10.86577906502666,-14.928479323585229
2311500000.0,-10.86647483984845,-14.961674484885942
2313200000.0,-10.867176812678975,-14.99457308800214
2314900000.0,-10.867884729214474,-15.027179263916356
2316600000.0,-10.868598341417286,-15.059497070869925
2318300000.0,-10.86931740735456,-15.091530495989767
2320000000.0,-10.870041691041678,-15.123283456870443
2321700000.0,-10.87077096229024,-15.154759803112814
2323400000.0,-10.871504996560454,-15.185963317820848
2325100000.0,-10.872243574817773,-15.216897719057785
2326800000.0,-10.872986483393696,-15.247566661263122
2328500000.0,-10.873733513850507,-15.277973736631468
2330200000.0,-10.874484462849882,-15.30812247645474
2331900000.0,-10.875239132025243,-15.338016352428593
2333600000.0,-10.875997327857679,-15.367658777924369
2335300000.0,-10.876758861555398,-15.397053109227688
2337000000.0,-10.877523548936525,-15.426202646744528
2338700000.0,-10.878291210315174,-15.455110636175965
2340400000.0,-10.8790616703907,-15.483780269662557
2342100000.0,-10.879834758139989,-15.512214686899137
2343800000.0,-10.880610306712732,-15.540416976221081
2345500000.0,-10.881388153329567,-15.568390175662884
2347200000.0,-10.882168139183005,-15.596137273989832
2348900000.0,-10.882950109341035,-15.623661211703597
2350600000.0,-10.883733912653355,-15.650964882022606
2352300000.0,-10.884519401660157,-15.678051131837863
2354000000.0,-10.88530643250331,-15.70492276264493
2355700000.0,-10.886094864839947,-15.731582531452915
2357400000.0,-10.886884561758396,-15.75803315167094
2359100000.0,-10.887675389696268,-15.784277293972968
2360800000.0,-10.888467218360764,-15.810317587141409
2362500000.0,-10.889259920651096,-15.836156618890293
2364200000.0,-10.890053372582873,-15.861796936668528
2365900000.0,-10.890847453214565,-15.887241048443768
2367600000.0,-10.891642044575791,-15.912491423467541
2369300000.0,-10.892437031597535,-15.937550493022137
2371000000.0,-10.893232302044138,-15.962420651149754
2372700000.0,-10.894027746447037,-15.987104255364391
2374400000.0,-10.894823258040237,-16.011603627347036
2376100000.0,-10.895618732697404,-16.035921053624584
2377800000.0,-10.896414068870568,-16.060058786232894
2379500000.0,-10.897209167530413,-16.084019043364513
2381200000.0,-10.89800393210802,-16.107804010001395
2382900000.0,-10.898798268438167,-16.131415838533126
2384600000.0,-10.899592084703944,-16.154856649360994
2386300000.0,-10.900385291382872,-16.178128531488287
2388000000.0,-10.901177801194278,-16.201233543097196
2389700000.0,-10.901969529048026,-16.22417371211273
2391400000.0,-10.902760391994518,-16.246951036753924
2393100000.0,-10.903550309175905,-16.26956748607274
2394800000.0,-10.904339201778534,-16.29202500048098
2396500000.0,-10.90512699298654,-16.314325492265446
2398200000.0,-10.905913607936586,-16.33647084609181
2399900000.0,-10.906698973673707,-16.358462919497384
2401600000.0,-10.907483019108211,-16.380303543373028
2403300000.0,-10.90826567497367,-16.40199452243471
2405000000.0,-10.909046873785863,-16.42353763568467
2406700000.0,-10.90982654980277,-16.444934636862808
2408400000.0,-10.910604638985497,-16.4661872548881
2410100000.0,-10.911381078960119,-16.487297194290893
2411800000.0,-10.91215580898049,-16.508266135635658
2413500000.0,-10.912928769891884,-16.529095735935005
2415200000.0,-10.913699904095534,-16.549787629054826
2416900000.0,-10.914469155513975,-16.570343426110917
2418600000.0,-10.915236469557264,-16.59076471585731
2420300000.0,-10.91600179308993,-16.611053065066514
2422000000.0,-10.916765074398738,-16.631210018901772
2423700000.0,-10.917526263161212,-16.6512371012817
2425400000.0,-10.918285310414861,-16.67113581523735
2427100000.0,-10.919042168527147,-16.690907643261955
2428800000.0,-10.91979679116615,-16.710554047653527
2430500000.0,-10.920549133271894,-16.730076470850474
2432200000.0,-10.921299151028363,-16.749476335760388
2433900000.0,-10.922046801836125,-16.76875504608223
2435600000.0,-10.922792044285622,-16.78791398662202
2437300000.0,-10.923534838131037,-16.806954523602137
2439000000.0,-10.92427514426481,-16.825878004964558
2440700000.0,-10.925012924692652,-16.84468576066795
2442400000.0,-10.925748142509217,-16.863379102978996
2444100000.0,-10.926480761874256,-16.881959326757876
2445800000.0,-10.927210747989369,-16.900427709738178
2447500000.0,-10.92793806707521,-16.91878551280133
2449200000.0,-10.928662686349291,-16.93703398024569
2450900000.0,-10.929384574004203,-16.95517434005041
2452600000.0,-10.930103699186382,-16.973207804134162
2454300000.0,-10.930820031975319,-16.99113556860893
2456000000.0,-10.931533543363251,-17.008958814028883
2457700000.0,-10.93224420523529,-17.02667870563453
2459400000.0,-10.93295199035001,-17.04429639359219
2461100000.0,-10.933656872320421,-17.06181301322893
2462800000.0,-10.93435882559544,-17.0792296852631
2464500000.0,-10.935057825441701,-17.096547516030423
2466200000.0,-10.935753847925785,-17.11376759770598
2467900000.0,-10.936446869896857,-17.130891008521917
2469600000.0,-10.937136868969667,-17.14791881298119
2471300000.0,-10.937823823507921,-17.164852062067304
2473000000.0,-10.938507712608034,-17.18169179345015
2474700000.0,-10.939188516083206,-17.19843903168812
2476400000.0,-10.939866214447873,-17.215094788426438
2478100000.0,-10.940540788902474,-17.231660062591928
2479800000.0,-10.941212221318562,-17.248135840584165
2481500000.0,-10.941880494224229,-17.26452309646324
2483200000.0,-10.942545590789852,-17.280822792134042
2484900000.0,-10.943207494814125,-17.297035877527264
2486600000.0,-10.943866190710418,-17.313163290777197
2488300000.0,-10.94452166349342,-17.329205958396226
2490000000.0,-10.945173898766054,-17.345164795446337
2491700000.0,-10.945822882706688,-17.361040705707524
2493400000.0,-10.946468602056607,-17.37683458184318
2495100000.0,-10.947111044107753,-17.392547305562623
2496800000.0,-10.947750196690746,-17.408179747780757
2498500000.0,-10.948386048163126,-17.423732768774897
2500200000.0,-10.949018587397854,-17.439207218338886
2501900000.0,-10.949647803772084,-17.45460393593454
2503600000.0,-10.950273687156127,-17.469923750840415
2505300000.0,-10.950896227902685,-17.485167482298074
2507000000.0,-10.951515416836283,-17.50033593965577
2508700000.0,-10.952131245242942,-17.51542992250966
2510400000.0,-10.952743704860069,-17.530450220842727
2512100000.0,-10.953352787866537,-17.545397615161093
2513800000.0,-10.953958486873,-17.560272876628275
2515500000.0,-10.95456079491239,-17.575076767196993
2517200000.0,-10.955159705430619,-17.589810039738797
2518900000.0,-10.955755212277477,-17.604473438171546
2520600000.0,-10.956347309697719,-17.619067697584693
2522300000.0,-10.956935992322329,-17.63359354436255
2524000000.0,-10.95752125515997,-17.648051696305373
2525700000.0,-10.958103093588614,-17.662442862748602
2527400000.0,-10.958681503347352,-17.676767744679967
2529100000.0,-10.959256480528337,-17.691027034854763
2530800000.0,-10.959828021568951,-17.705221417909165
2532500000.0,-10.960396123244076,-17.719351570471762
2534200000.0,-10.960960782658562,-17.733418161273164
2535900000.0,-10.961521997239842,-17.747421851253893
2537600000.0,-10.962079764730674,-17.76136329367053
2539300000.0,-10.962634083182072,-17.775243134200064
2541000000.0,-10.96318495094635,-17.789062011042635
2542700000.0,-10.963732366670323,-17.802820555022574
2544400000.0,-10.96427632928864,-17.81651938968788
2546100000.0,-10.964816838017262,-17.83015913140798
2547800000.0,-10.965353892347059,-17.84374038947012
2549500000.0,-10.96588749203754,-17.85726376617402
2551200000.0,-10.966417637110746,-17.870729856925163
2552900000.0,-10.966944327845196,-17.884139250326555
2554600000.0,-10.967467564770029,-17.897492528269073
2556300000.0,-10.967987348659209,-17.910790266020346
2558000000.0,-10.968503680525888,-17.92403303231225
2559700000.0,-10.969016561616867,-17.93722138942708
2561400000.0,-10.969525993407146,-17.95035589328235
2563100000.0,-10.970031977594632,-17.963437093514262
2564800000.0,-10.97053451609492,-17.976465533559885
2566500000.0,-10.971033611036173,-17.989441750738077
2568200000.0,-10.971529264754151,-18.002366276329195
2569900000.0,-10.97202147978728,-18.01523963565347
2571600000.0,-10.972510258871855,-18.028062348148335
2573300000.0,-10.97299560493735,-18.040834927444404
2575000000.0,-10.973477521101792,-18.05355788144047
2576700000.0,-10.973956010667244,-18.066231712377196
2578400000.0,-10.974431077115385,-18.078856916909796
2580100000.0,-10.974902724103162,-18.09143398617961
2581800000.0,-10.975370955458532,-18.10396340588454
2583500000.0,-10.975835775176328,-18.11644565634848
2585200000.0,-10.976297187414128,-18.12888121258974
2586900000.0,-10.976755196488297,-18.141270544388302
2588600000.0,-10.977209806870043,-18.153614116352262
2590300000.0,-10.977661023181572,-18.165912387983155
2592000000.0,-10.97810885019234,-18.178165813740353
2593700000.0,-10.978553292815352,-18.190374843104507
2595400000.0,-10.978994356103541,-18.20253992064008
2597100000.0,-10.979432045246242,-18.2146614860569
2598800000.0,-10.979866365565696,-18.226739974270863
2600500000.0,-10.980297322513657,-18.238775815463743
2602200000.0,-10.980724921668067,-18.250769435142093
2603900000.0,-10.981149168729772,-18.26272125419533
2605600000.0,-10.981570069519325,-18.27463168895298
2607300000.0,-10.981987629973842,-18.28650115124102
2609000000.0,-10.982401856143941,-18.298330048437503
2610700000.0,-10.982812754190698,-18.310118783527344
2612400000.0,-10.983220330382721,-18.321867755156283
2614100000.0,-10.983624591093246,-18.33357735768413
2615800000.0,-10.984025542797278,-18.34524798123722
2617500000.0,-10.984423192068842,-18.356880011760126
2619200000.0,-10.984817545578238,-18.368473831066638
2620900000.0,-10.985208610089378,-18.38002981688999
2622600000.0,-10.985596392457158,-18.39154834293246
2624300000.0,-10.9859808996249,-18.403029778914142
2626000000.0,-10.986362138621843,-18.414474490621163
2627700000.0,-10.98674011656067,-18.42588283995311
2629400000.0,-10.987114840635092,-18.43725518496989
2631100000.0,-10.987486318117499,-18.44859187993784
2632800000.0,-10.98785455635662,-18.459893275375293
2634500000.0,-10.98821956277526,-18.471159718097393
2636200000.0,-10.988581344868077,-18.48239155126042
2637900000.0,-10.988939910199402,-18.493589114405392
2639600000.0,-10.989295266401085,-18.50475274350113
2641300000.0,-10.989647421170412,-18.515882770986675
2643000000.0,-10.98999638226805,-18.52697952581318
2644700000.0,-10.990342157516048,-18.53804333348519
2646400000.0,-10.99068475479583,-18.549074516101395
2648100000.0,-10.991024182046305,-18.560073392394727
2649800000.0,-10.99136044726194,-18.571040277772045
2651500000.0,-10.991693558490937,-18.581975484353197
2653200000.0,-10.992023523833383,-18.59287932100958
2654900000.0,-10.992350351439493,-18.603752093402136
2656600000.0,-10.99267404950786,-18.614594104018938
2658300000.0,-10.992994626283735,-18.62540565221209
2660000000.0,-10.993312090057369,-18.636187034234375
2661700000.0,-10.993626449162363,-18.646938543275166
2663400000.0,-10.993937711974057,-18.65766046949603
2665100000.0,-10.994245886907963,-18.66835310006578
2666800000.0,-10.994550982418215,-18.679016719195044
2668500000.0,-10.994853006996061,-18.689651608170454
2670200000.0,-10.995151969168388,-18.70025804538831
2671900000.0,-10.995447877496263,-18.710836306387794
2673600000.0,-10.995740740573517,-18.72138666388382
2675300000.0,-10.996030567025343,-18.731909387799366
2677000000.0,-10.99631736550695,-18.742404745297414
2678700000.0,-10.996601144702218,-18.752873000812517
2680400000.0,-10.996881913322385,-18.763314416081847
2682100000.0,-10.997159680104772,-18.773729250175943
2683800000.0,-10.99743445381154,-18.784117759529003
2685500000.0,-10.997706243228428,-18.79448019796878
2687200000.0,-10.99797505716359,-18.804816816746115
2688900000.0,-10.998240904446384,-18.815127864564083
2690600000.0,-10.99850379392624,-18.825413587606707
2692300000.0,-10.998763734471515,-18.835674229567406
2694000000.0,-10.999020734968397,-18.845910031676983
2695700000.0,-10.999274804319814,-18.856121232731297
2697400000.0,-10.999525951444372,-18.866308069118553
2699100000.0,-10.999774185275331,-18.876470774846283
2700800000.0,-11.000019514759565,-18.886609581567964
2702500000.0,-11.000261948856586,-18.896724718609256
2704200000.0,-11.000501496537563,-18.906816412993955
2705900000.0,-11.000738166784355,-18.916884889469646
2707600000.0,-11.000971968588608,-18.92693037053291
2709300000.0,-11.00120291095081,-18.936953076454326
2711000000.0,-11.001431002879404,-18.94695322530317
2712700000.0,-11.001656253389926,-18.956931032971642
2714400000.0,-11.001878671504134,-18.966886713198996
2716100000.0,-11.002098266249172,-18.97682047759523
2717800000.0,-11.002315046656756,-18.98673253566451
2719500000.0,-11.002529021762363,-18.996623094828323
2721200000.0,-11.002740200604455,-19.006492360448323
2722900000.0,-11.002948592223692,-19.01634053584892
2724600000.0,-11.0031542056622,-19.0261678223395
2726300000.0,-11.003357049962828,-19.0359744192365
2728000000.0,-11.003557134168421,-19.04576052388511
2729700000.0,-11.003754467321126,-19.055526331680756
2731400000.0,-11.003949058461709,-19.06527203609027
2733100000.0,-11.004140916628861,-19.074997828672867
2734800000.0,-11.004330050858561,-19.08470389910079
2736500000.0,-11.00451647018341,-19.094390435179772
2738200000.0,-11.004700183632032,-19.104057622869195
2739900000.0,-11.004881200228432,-19.11370564630201
2741600000.0,-11.0050595289914,-19.12333468780445
2743300000.0,-11.005235178933933,-19.132944927915446
2745000000.0,-11.00540815906265,-19.142536545405868
2746700000.0,-11.005578478377242,-19.152109717297478
2748400000.0,-11.00574614586991,-19.161664618881673
2750100000.0,-11.005911170524826,-19.17120142373805
2751800000.0,-11.006073561317624,-19.180720303752615
2753500000.0,-11.006233327214884,-19.19022142913595
2755200000.0,-11.006390477173627,-19.199704968441008
2756900000.0,-11.006545020140816,-19.209171088580785
2758600000.0,-11.006696965052907,-19.218619954845735
2760300000.0,-11.00684632083536,-19.228051730920985
2762000000.0,-11.006993096402182,-19.23746657890338
2763700000.0,-11.007137300655508,-19.24686465931826
2765400000.0,-11.007278942485136,-19.25624613113611
2767100000.0,-11.007418030768129,-19.265611151788907
2768800000.0,-11.00755457436838,-19.27495987718644
2770500000.0,-11.007688582136229,-19.284292461732246
2772200000.0,-11.00782006290806,-19.293609058339477
2773900000.0,-11.007949025505916,-19.30290981844655
2775600000.0,-11.00807547873713,-19.312194892032647
2777300000.0,-11.008199431393951,-19.321464427632918
2779000000.0,-11.008320892253193,-19.330718572353653
2780700000.0,-11.008439870075904,-19.339957471887192
2782400000.0,-11.008556373606993,-19.349181270526636
2784100000.0,-11.008670411574933,-19.35839011118047
2785800000.0,-11.008781992691421,-19.367584135386952
2787500000.0,-11.00889112565107,-19.376763483328368
2789200000.0,-11.008997819131114,-19.385928293845062
2790900000.0,-11.009102081791088,-19.395078704449396
2792600000.0,-11.009203922272562,-19.404214851339454
2794300000.0,-11.009303349198845,-19.413336869412657
2796000000.0,-11.009400371174717,-19.422444892279202
2797700000.0,-11.00949499678617,-19.431539052275298
2799400000.0,-11.009587234600126,-19.44061948047634
2801100000.0,-11.00967709316421,-19.44968630670981
2802800000.0,-11.009764581006483,-19.45873965956819
2804500000.0,-11.009849706635219,-19.46777966642155
2806200000.0,-11.009932478538673,-19.47680645343013
2807900000.0,-11.010012905184842,-19.485820145556698
2809600000.0,-11.01009099502126,-19.494820866578817
2811300000.0,-11.01016675647477,-19.503808739100933
2813000000.0,-11.01024019795135,-19.512783884566332
2814700000.0,-11.01031132783586,-19.521746423269
2816400000.0,-11.010380154491902,-19.530696474365293
2818100000.0,-11.010446686261597,-19.53963415588551
2819800000.0,-11.010510931465413,-19.548559584745302
2821500000.0,-11.010572898401998,-19.557472876757014
2823200000.0,-11.010632595347978,-19.566374146640833
2824900000.0,-11.01069003055783,-19.575263508035835
2826600000.0,-11.010745212263691,-19.584141073510928
2828300000.0,-11.010798148675216,-19.593006954575614
2830000000.0,-11.010848847979432,-19.601861261690715
2831700000.0,-11.010897318340566,-19.610704104278916
2833400000.0,-11.010943567899945,-19.619535590735182
2835100000.0,-11.010987604775828,-19.628355828437112
2836800000.0,-11.011029437063284,-19.637164923755133
2838500000.0,-11.011069072834072,-19.645962982062613
2840200000.0,-11.011106520136515,-19.654750107745812
2841900000.0,-11.011141786995374,-19.66352640421379
2843600000.0,-11.011174881411748,-19.672291973908152
2845300000.0,-11.011205811362956,-19.68104691831267
2847000000.0,-11.011234584802445,-19.68979133796291
2848700000.0,-11.01126120965967,-19.698525332455592
2850400000.0,-11.011285693840012,-19.707249000457963
2852100000.0,-11.011308045224679,-19.71596243971705
2853800000.0,-11.011328271670621,-19.724665747068734
2855500000.0,-11.011346381010451,-19.733359018446848
2857200000.0,-11.011362381052345,-19.74204234889208
2858900000.0,-11.01137627957998,-19.750715832560772
2860600000.0,-11.011388084352461,-19.75937956273373
2862300000.0,-11.011397803104238,-19.768033631824824
2864000000.0,-11.011405443545055,-19.77667813138953
2865700000.0,-11.01141101335987,-19.785313152133398
2867400000.0,-11.011414520208813,-19.793938783920407
2869100000.0,-11.011415971727107,-19.802555115781256
2870800000.0,-11.011415375525038,-19.811162235921522
2872500000.0,-11.011412739187882,-19.819760231729767
2874200000.0,-11.011408070275873,-19.828349189785527
2875900000.0,-11.011401376324152,-19.836929195867256
2877600000.0,-11.01139266484273,-19.845500334960136
2879300000.0,-11.011381943316433,-19.854062691263838
2881000000.0,-11.01136921920489,-19.862616348200174
2882700000.0,-11.011354499942488,-19.871161388420692
2884400000.0,-11.011337792938328,-19.879697893814182
2886100000.0,-11.011319105576218,-19.888225945514062
2887800000.0,-11.011298445214646,-19.896745623905762
2889500000.0,-11.011275819186741,-19.90525700863397
2891200000.0,-11.01125123480026,-19.913760178609795
2892900000.0,-11.011224699337582,-19.9222552120179
2894600000.0,-11.011196220055677,-19.930742186323542
2896300000.0,-11.011165804186092,-19.93922117827948
2898000000.0,-11.011133458934953,-19.947692263932915
2899700000.0,-11.011099191482955,-19.956155518632258
2901400000.0,-11.011063008985335,-19.9646110170339
2903100000.0,-11.011024918571888,-19.973058833108848
2904800000.0,-11.010984927346964,-19.98149904014933
2906500000.0,-11.010943042389458,-19.98993171077533
2908200000.0,-11.010899270752809,-19.998356916941052
2909900000.0,-11.010853619465026,-20.006774729941263
2911600000.0,-11.010806095528666,-20.015185220417663
2913300000.0,-11.010756705920855,-20.023588458365115
2915000000.0,-11.010705457593303,-20.03198451313785
2916700000.0,-11.010652357472297,-20.040373453455558
2918400000.0,-11.010597412458738,-20.048755347409497
2920100000.0,-11.010540629428125,-20.057130262468426
2921800000.0,-11.01048201523061,-20.06549826548461
2923500000.0,-11.010421576690971,-20.07385942269963
2925200000.0,-11.010359320608679,-20.08221379975023
2926900000.0,-11.01029525375787,-20.090561461674035
2928600000.0,-11.010229382887422,-20.098902472915277
2930300000.0,-11.010161714720919,-20.107236897330402
2932000000.0,-11.01009225595673,-20.115564798193642
2933700000.0,-11.010021013268004,-20.12388623820254
2935400000.0,-11.009947993302704,-20.132201279483382
2937100000.0,-11.00987320268366,-20.140509983596644
2938800000.0,-11.009796648008551,-20.148812411542277
2940500000.0,-11.009718335849994,-20.157108623765055
2942200000.0,-11.009638272755538,-20.165398680159758
2943900000.0,-11.009556465247714,-20.17368264007639
2945600000.0,-11.009472919824074,-20.18196056232528
2947300000.0,-11.009387642957215,-20.190232505182184
2949000000.0,-11.009300641094836,-20.198498526393283
2950700000.0,-11.009211920659762,-20.20675868318016
2952400000.0,-11.009121488049995,-20.21501303224473
2954100000.0,-11.00902934963875,-20.2232616297741
2955800000.0,-11.008935511774498,-20.231504531445392
2957500000.0,-11.008839980781017,-20.239741792430507
2959200000.0,-11.00874276295743,-20.24797346740087
2960900000.0,-11.00864386457825,-20.256199610532068
2962600000.0,-11.008543291893433,-20.2644202755085
2964300000.0,-11.008441051128429,-20.272635515527963
2966000000.0,-11.008337148484205,-20.28084538330616
2967700000.0,-11.008231590137346,-20.289049931081205
2969400000.0,-11.008124382240041,-20.297249210618066
2971100000.0,-11.00801553092019,-20.30544327321294
2972800000.0,-11.007905042281429,-20.31363216969763
2974500000.0,-11.00779292240318,-20.321815950443842
2976200000.0,-11.007679177340721,-20.329994665367444
2977900000.0,-11.007563813125232,-20.338168363932702
2979600000.0,-11.007446835763846,-20.346337095156436
2981300000.0,-11.007328251239713,-20.354500907612184
2983000000.0,-11.00720806551205,-20.362659849434287
2984700000.0,-11.007086284516205,-20.370813968321922
2986400000.0,-11.006962914163715,-20.37896331154315
2988100000.0,-11.006837960342358,-20.38710792593888
2989800000.0,-11.006711428916208,-20.395247857926776
2991500000.0,-11.006583325725718,-20.40338315350518
2993200000.0,-11.006453656587755,-20.411513858256974
2994900000.0,-11.006322427295679,-20.419640017353355
2996600000.0,-11.006189643619384,-20.427761675557665
2998300000.0,-11.006055311305394,-20.435878877229083
3000000000.0,-11.005919436076883,-20.44399166632639
